tipo;fila;nombre;precio;costo;unidad
"PRECIO";"15";"Arroz";"1350";"";"comanda, formato en nombre"
"PRECIO";"16";"Arroz integral ";"1100";"";"comanda, formato en nombre"
"PRECIO";"17";"Avena Integral";"1100";"";"comanda, formato en nombre"
"PRECIO";"18";"Carne vegetal";"1800";"";"comanda, formato en nombre"
"PRECIO";"19";"Garbanzos";"2450";"";"comanda, formato en nombre"
"PRECIO";"20";"Harina";"900";"";"comanda, formato en nombre"
"PRECIO";"21";"Harina Integral";"1100";"";"comanda, formato en nombre"
"PRECIO";"22";"Lentejas";"2100";"";"comanda, formato en nombre"
"PRECIO";"23";"Poroto blanco";"2000";"";"comanda, formato en nombre"
"PRECIO";"24";"Quínoa ";"4800";"";"comanda, formato en nombre"
"PRECIO";"25";"Sal de Cáhuil";"500";"";"comanda, formato en nombre"
"PRECIO";"26";"Mote";"1900";"";"comanda, formato en nombre"
"PRECIO";"27";"Té (250 grs)";"2300";"";"comanda, formato en nombre"
"PRECIO";"28";"Pimienta (100 grs)";"1350";"";"comanda, formato en nombre"
"PRECIO";"29";"Ají de color (100 grs)";"700";"";"comanda, formato en nombre"
"PRECIO";"30";"Bicarbonato (100 grs)";"150";"";"comanda, formato en nombre"
"PRECIO";"31";"Orégano (100 grs)";"700";"";"comanda, formato en nombre"
"PRECIO";"32";"Aliño completo";"900";"";"comanda, formato en nombre"
"PRECIO";"33";"Aceite Oliva Vor 250 ml";"2100";"";"comanda, formato en nombre"
"PRECIO";"34";"Aceite Oliva Vor 500 ml";"3500";"";"comanda, formato en nombre"
"PRECIO";"35";"Aceite Natura";"2150";"";"comanda, formato en nombre"
"PRECIO";"36";"Aceite vegetal ";"1700";"";"comanda, formato en nombre"
"PRECIO";"37";"Azúcar";"900";"";"comanda, formato en nombre"
"PRECIO";"38";"Tallarines Parma";"600";"";"comanda, formato en nombre"
"PRECIO";"39";"Fideos Parma";"600";"";"comanda, formato en nombre"
"PRECIO";"40";"Sal ";"350";"";"comanda, formato en nombre"
"PRECIO";"41";"Salsa de tomate (Colunquen)";"300";"";"comanda, formato en nombre"
"PRECIO";"42";"Tallarines Luchetti";"800";"";"comanda, formato en nombre"
"PRECIO";"43";"Fideos Luchetti";"800";"";"comanda, formato en nombre"
"PRECIO";"44";"Cloro gel ";"1000";"";"comanda, formato en nombre"
"PRECIO";"45";"Cloro 1 L Económico";"650";"";"comanda, formato en nombre"
"PRECIO";"46";"Cloro 1 L Clorinda";"1200";"";"comanda, formato en nombre"
"PRECIO";"47";"Manga Swan";"9000";"";"comanda, formato en nombre"
"PRECIO";"48";"Papel Higienico 6u Swan";"1400";"";"comanda, formato en nombre"
"PRECIO";"49";"Detergente 5L";"1300";"";"comanda, formato en nombre"
"PRECIO";"50";"Detergente 5L con suavi";"1800";"";"comanda, formato en nombre"
"PRECIO";"51";"Jabón 1L";"1300";"";"comanda, formato en nombre"
"PRECIO";"52";"Lavaloza  Fuzol";"1000";"";"comanda, formato en nombre"
"PRECIO";"53";"Pasta Pepsodent (90 g)";"700";"";"comanda, formato en nombre"
"PRECIO";"54";"Toalla Nova x3 ";"1000";"";"comanda, formato en nombre"
"PRECIO";"55";"Toalla Tork";"1400";"";"comanda, formato en nombre"
"PRECIO";"56";"Desinfectante suelo (Todos)";"1100";"";"comanda, formato en nombre"
"PRECIO";"57";"Servilletas (300u)";"1100";"";"comanda, formato en nombre"
"PRECIO";"58";"Shampoo Ballerina";"1400";"";"comanda, formato en nombre"
"PRECIO";"59";"Bálsamo Ballerina ";"1400";"";"comanda, formato en nombre"
"PRECIO";"60";"Limpiador crema";"1400";"";"comanda, formato en nombre"
"PRECIO";"61";"Paños Amarillos";"100";"";"comanda, formato en nombre"
"PRECIO";"62";"Esponjas";"100";"";"comanda, formato en nombre"
"PRECIO";"63";"Afeitadora desechable";"500";"";"comanda, formato en nombre"
"PRECIO";"64";"B. de basura  70x90 TODDO";"800";"";"comanda, formato en nombre"
"PRECIO";"65";"PAN DE MASA MADRE";"3500";"";"comanda, formato en nombre"
"PRECIO";"66";"EMPANADAS";"2500";"";"comanda, formato en nombre"
"COSTO";"4";"Arroz";"";"1200";"K"
"COSTO";"5";"Arroz integral ";"";"1500";"K"
"COSTO";"6";"Avena Integral";"";"1000";"K"
"COSTO";"7";"Carne vegetal";"";"1600";"K"
"COSTO";"8";"Garbanzos";"";"2200";"K"
"COSTO";"9";"Harina";"";"785";"K"
"COSTO";"10";"Lentejas";"";"1900";"K"
"COSTO";"11";"Poroto blanco";"";"1800";"K"
"COSTO";"12";"Quínoa";"";"4400";"K"
"COSTO";"13";"Sal de Cáhuil";"";"360";"K"
"COSTO";"14";"Té ";"";"8400";"250 GRS"
"COSTO";"15";"Pimienta";"";"12000";"100 GRS"
"COSTO";"16";"Ají de color";"";"6000";"100 GRS"
"COSTO";"17";"Bicarbonato";"";"1100";"100 GRS"
"COSTO";"18";"Orégano";"";"6400";"100 GRS"
"COSTO";"19";"Aliño completo";"";"8000";"100 GRS"
"COSTO";"20";"Mote";"";"0";"0"
"COSTO";"22";"Aceite Oliva VDR 500 ml ";"";"3195";"L"
"COSTO";"23";"Aceite Oliva VDR 250 ml";"";"1889";"L"
"COSTO";"24";"Aceite Natura";"";"1945";"L"
"COSTO";"25";"Aceite vegetal ";"";"1579";"L"
"COSTO";"26";"Azúcar";"";"690";"K"
"COSTO";"27";"Tallarines Parma";"";"536";"GRS"
"COSTO";"28";"Fideos Parma";"";"489";"GRS"
"COSTO";"29";"Sal ";"";"299";"GRS"
"COSTO";"30";"Salsa de tomate Toddo";"";"299";"ML"
"COSTO";"31";"Tallarines Luchetti";"";"659";"GRS"
"COSTO";"32";"Fideos luchett";"";"725";"GRS"
"COSTO";"34";"Cloro gel Excel";"";"890";"L"
"COSTO";"35";"Cloro 1 L";"";"590";"L"
"COSTO";"36";"Clorinda ";"";"";""
"COSTO";"37";"Manga Swan";"";"8350";"U"
"COSTO";"38";"Papel Higienico 6u";"";"0";"U"
"COSTO";"39";"Detergente 5L";"";"1290";"L"
"COSTO";"40";"Detergente 5L con suavi";"";"1690";"L"
"COSTO";"41";"Esponjas lavaplatos";"";"100";"U"
"COSTO";"42";"Jabón líquido";"";"1090";"L"
"COSTO";"43";"Lavaloza 1 Fuzol";"";"849";"L"
"COSTO";"44";"Pasta Pepsodent (90 g)";"";"630";"GRS"
"COSTO";"45";"Toalla Nova ";"";"899";"U"
"COSTO";"46";"Toalla Tork";"";"1289";"U"
"COSTO";"47";"Desinfectante suelo";"";"990";"L"
"COSTO";"48";"Servilletas (300u)";"";"990";"U"
"COSTO";"49";"Limpiador crema Wyn";"";"1290";"L"
"COSTO";"50";"Paños Amarillos";"";"120";"U"
"COSTO";"51";"shampoo ballerina ";"";"1295";"L"
"COSTO";"52";"bálsamo ballerina ";"";"1295";"L"
"COSTO";"53";"B. de basura 70x90 Toddo";"";"690";"U"
