filename;tipo;producto_probable;confianza;observacion
"suavizante con detergent";"image/jpeg";"PROD-037";"MEDIA (solo nombre)";"PENDING revisión visual/derechos del Almacén; no se asocia ni renombra."
"deteergente";"image/jpeg";"PROD-036 / PROD-038";"BAJA / ambiguo";"PENDING revisión visual/derechos del Almacén; no se asocia ni renombra."
"harina";"image/jpeg";"PROD-006 / PROD-007";"BAJA / ambiguo";"PENDING revisión visual/derechos del Almacén; no se asocia ni renombra."
"toalla nova tork";"image/jpeg";"PROD-042 / PROD-043";"BAJA / ambiguo";"PENDING revisión visual/derechos del Almacén; no se asocia ni renombra."
"toalla nova";"image/jpeg";"PROD-042";"MEDIA (solo nombre)";"PENDING revisión visual/derechos del Almacén; no se asocia ni renombra."
"suavizante";"image/jpeg";"Sin SKU confirmado";"BAJA / ambiguo";"PENDING revisión visual/derechos del Almacén; no se asocia ni renombra."
"pimienta";"image/jpeg";"PROD-015";"MEDIA (solo nombre)";"PENDING revisión visual/derechos del Almacén; no se asocia ni renombra."
"aliño completo";"image/jpeg";"PROD-019";"MEDIA (solo nombre)";"PENDING revisión visual/derechos del Almacén; no se asocia ni renombra."
"pasta pepsodent";"image/jpeg";"PROD-041";"MEDIA (solo nombre)";"PENDING revisión visual/derechos del Almacén; no se asocia ni renombra."
"bolsa de basura";"image/jpeg";"PROD-052";"MEDIA (solo nombre)";"PENDING revisión visual/derechos del Almacén; no se asocia ni renombra."
"paño amarillo";"image/jpeg";"PROD-049";"MEDIA (solo nombre)";"PENDING revisión visual/derechos del Almacén; no se asocia ni renombra."
"desinfectante suelo";"image/jpeg";"PROD-044";"MEDIA (solo nombre)";"PENDING revisión visual/derechos del Almacén; no se asocia ni renombra."
"limpiador crema";"image/jpeg";"PROD-048";"MEDIA (solo nombre)";"PENDING revisión visual/derechos del Almacén; no se asocia ni renombra."
"servilletas";"image/jpeg";"PROD-045";"MEDIA (solo nombre)";"PENDING revisión visual/derechos del Almacén; no se asocia ni renombra."
"shampoo balerina ";"image/jpeg";"PROD-046";"MEDIA (solo nombre)";"PENDING revisión visual/derechos del Almacén; no se asocia ni renombra."
"balsamo balerina";"image/jpeg";"PROD-047";"MEDIA (solo nombre)";"PENDING revisión visual/derechos del Almacén; no se asocia ni renombra."
"detergente 5L";"image/jpeg";"PROD-036";"MEDIA (solo nombre)";"PENDING revisión visual/derechos del Almacén; no se asocia ni renombra."
"cloro 1l economico";"image/jpeg";"PROD-033";"MEDIA (solo nombre)";"PENDING revisión visual/derechos del Almacén; no se asocia ni renombra."
"cloro gel";"image/jpeg";"PROD-031 / PROD-032";"BAJA / ambiguo";"PENDING revisión visual/derechos del Almacén; no se asocia ni renombra."
"fideos luchetti";"image/jpeg";"PROD-030";"MEDIA (solo nombre)";"PENDING revisión visual/derechos del Almacén; no se asocia ni renombra."
"tallarines luchetti";"image/jpeg";"PROD-029";"MEDIA (solo nombre)";"PENDING revisión visual/derechos del Almacén; no se asocia ni renombra."
"salsa de tomate";"image/jpeg";"PROD-028";"MEDIA (solo nombre)";"PENDING revisión visual/derechos del Almacén; no se asocia ni renombra."
"sal";"image/jpeg";"PROD-012 / PROD-027";"BAJA / ambiguo";"PENDING revisión visual/derechos del Almacén; no se asocia ni renombra."
"fideo parma";"image/jpeg";"PROD-026";"MEDIA (solo nombre)";"PENDING revisión visual/derechos del Almacén; no se asocia ni renombra."
"azucar";"image/jpeg";"PROD-024";"MEDIA (solo nombre)";"PENDING revisión visual/derechos del Almacén; no se asocia ni renombra."
"aceite vegetal";"image/jpeg";"PROD-023";"MEDIA (solo nombre)";"PENDING revisión visual/derechos del Almacén; no se asocia ni renombra."
"aceite natura";"image/jpeg";"PROD-022";"MEDIA (solo nombre)";"PENDING revisión visual/derechos del Almacén; no se asocia ni renombra."
"aceite de oliva 250ml";"image/jpeg";"PROD-020";"MEDIA (solo nombre)";"PENDING revisión visual/derechos del Almacén; no se asocia ni renombra."
"aceite de oliva 500ml";"image/jpeg";"PROD-021";"MEDIA (solo nombre)";"PENDING revisión visual/derechos del Almacén; no se asocia ni renombra."
"bicarbonato";"image/jpeg";"PROD-017";"MEDIA (solo nombre)";"PENDING revisión visual/derechos del Almacén; no se asocia ni renombra."
"aji de color";"image/jpeg";"PROD-016";"MEDIA (solo nombre)";"PENDING revisión visual/derechos del Almacén; no se asocia ni renombra."
"te";"image/jpeg";"PROD-014";"MEDIA (solo nombre)";"PENDING revisión visual/derechos del Almacén; no se asocia ni renombra."
"mote";"image/jpeg";"PROD-013";"MEDIA (solo nombre)";"PENDING revisión visual/derechos del Almacén; no se asocia ni renombra."
"poroto blanco";"image/jpeg";"PROD-009";"MEDIA (solo nombre)";"PENDING revisión visual/derechos del Almacén; no se asocia ni renombra."
"lentejas";"image/jpeg";"PROD-008";"MEDIA (solo nombre)";"PENDING revisión visual/derechos del Almacén; no se asocia ni renombra."
"harina";"image/jpeg";"PROD-006 / PROD-007";"BAJA / ambiguo";"PENDING revisión visual/derechos del Almacén; no se asocia ni renombra."
"garbanzos";"image/jpeg";"PROD-005";"MEDIA (solo nombre)";"PENDING revisión visual/derechos del Almacén; no se asocia ni renombra."
"carne vegetal";"image/jpeg";"PROD-004";"MEDIA (solo nombre)";"PENDING revisión visual/derechos del Almacén; no se asocia ni renombra."
"avena";"image/jpeg";"PROD-003";"MEDIA (solo nombre)";"PENDING revisión visual/derechos del Almacén; no se asocia ni renombra."
"arroz";"image/jpeg";"PROD-001";"MEDIA (solo nombre)";"PENDING revisión visual/derechos del Almacén; no se asocia ni renombra."
"oregano";"image/jpeg";"PROD-018";"MEDIA (solo nombre)";"PENDING revisión visual/derechos del Almacén; no se asocia ni renombra."
