id_producto;producto_base;marca_variante;presentacion;unidad;tipo_disponibilidad;activo;precio_TEST_antes;precio_TEST_actual;precio_ultima_comanda;costo_ultimo_conocido;unidad_costo_fuente;costo_TEST_aplicado;fuente;fecha_fuente;accion_propuesta;observacion
"PROD-001";"Arroz";"Sin marca acreditada";"PENDING/no explícita";"unidad";"REGULAR";"SI";"1320";"1320";"1350";"1200";"K";"";"COMANDAS 2026 / Copia de  19/09 / B15:C15 | Diseño de compra 2026 / Octubre / C4:G4";"2026-10-03 (apertura/compra preparada; leída 2026-10-01)";"PENDING / conservar";"Unidad TEST=unidad; compra en K o sin unidad comprobable. Precio/costo por kg PENDING; no alterar unidad ni stock. Costo fuente preparado, PENDING unidad/presentación o marca; no aplicado."
"PROD-002";"Arroz integral";"Sin marca acreditada";"PENDING/no explícita";"unidad";"REGULAR";"SI";"1900";"1900";"1100";"1500";"K";"";"COMANDAS 2026 / Copia de  19/09 / B16:C16 | Diseño de compra 2026 / Octubre / C5:G5";"2026-10-03 (apertura/compra preparada; leída 2026-10-01)";"PENDING / conservar";"Unidad TEST=unidad; compra en K o sin unidad comprobable. Precio/costo por kg PENDING; no alterar unidad ni stock. Costo fuente preparado, PENDING unidad/presentación o marca; no aplicado."
"PROD-003";"Avena Integral";"Sin marca acreditada";"PENDING/no explícita";"unidad";"REGULAR";"SI";"1200";"1200";"1100";"1000";"K";"";"COMANDAS 2026 / Copia de  19/09 / B17:C17 | Diseño de compra 2026 / Octubre / C6:G6";"2026-10-03 (apertura/compra preparada; leída 2026-10-01)";"PENDING / conservar";"Unidad TEST=unidad; compra en K o sin unidad comprobable. Precio/costo por kg PENDING; no alterar unidad ni stock. Costo fuente preparado, PENDING unidad/presentación o marca; no aplicado."
"PROD-004";"Carne vegetal";"Sin marca acreditada";"PENDING/no explícita";"unidad";"REGULAR";"SI";"2000";"2000";"1800";"1600";"K";"";"COMANDAS 2026 / Copia de  19/09 / B18:C18 | Diseño de compra 2026 / Octubre / C7:G7";"2026-10-03 (apertura/compra preparada; leída 2026-10-01)";"PENDING / conservar";"Unidad TEST=unidad; compra en K o sin unidad comprobable. Precio/costo por kg PENDING; no alterar unidad ni stock. Costo fuente preparado, PENDING unidad/presentación o marca; no aplicado."
"PROD-005";"Garbanzos";"Sin marca acreditada";"PENDING/no explícita";"unidad";"REGULAR";"SI";"2650";"2650";"2450";"2200";"K";"";"COMANDAS 2026 / Copia de  19/09 / B19:C19 | Diseño de compra 2026 / Octubre / C8:G8";"2026-10-03 (apertura/compra preparada; leída 2026-10-01)";"PENDING / conservar";"Unidad TEST=unidad; compra en K o sin unidad comprobable. Precio/costo por kg PENDING; no alterar unidad ni stock. Costo fuente preparado, PENDING unidad/presentación o marca; no aplicado."
"PROD-006";"Harina";"Sin marca acreditada";"PENDING/no explícita";"unidad";"REGULAR";"SI";"900";"900";"900";"785";"K";"";"COMANDAS 2026 / Copia de  19/09 / B20:C20 | Diseño de compra 2026 / Octubre / C9:G9";"2026-10-03 (apertura/compra preparada; leída 2026-10-01)";"PENDING / conservar";"Unidad TEST=unidad; compra en K o sin unidad comprobable. Precio/costo por kg PENDING; no alterar unidad ni stock. Costo fuente preparado, PENDING unidad/presentación o marca; no aplicado."
"PROD-007";"Harina Integral";"Sin marca acreditada";"PENDING/no explícita";"unidad";"REGULAR";"SI";"1100";"1100";"1100";"PENDING";"";"";"COMANDAS 2026 / Copia de  19/09 / B21:C21";"2026-10-03 (apertura/compra preparada; leída 2026-10-01)";"PENDING / conservar";"Unidad TEST=unidad; compra en K o sin unidad comprobable. Precio/costo por kg PENDING; no alterar unidad ni stock. Costo no documentado o cero sin respaldo: PENDING, no costo real cero."
"PROD-008";"Lentejas";"Sin marca acreditada";"PENDING/no explícita";"unidad";"REGULAR";"SI";"2400";"2400";"2100";"1900";"K";"";"COMANDAS 2026 / Copia de  19/09 / B22:C22 | Diseño de compra 2026 / Octubre / C10:G10";"2026-10-03 (apertura/compra preparada; leída 2026-10-01)";"PENDING / conservar";"Unidad TEST=unidad; compra en K o sin unidad comprobable. Precio/costo por kg PENDING; no alterar unidad ni stock. Costo fuente preparado, PENDING unidad/presentación o marca; no aplicado."
"PROD-009";"Poroto blanco";"Sin marca acreditada";"PENDING/no explícita";"unidad";"REGULAR";"SI";"2650";"2650";"2000";"1800";"K";"";"COMANDAS 2026 / Copia de  19/09 / B23:C23 | Diseño de compra 2026 / Octubre / C11:G11";"2026-10-03 (apertura/compra preparada; leída 2026-10-01)";"PENDING / conservar";"Unidad TEST=unidad; compra en K o sin unidad comprobable. Precio/costo por kg PENDING; no alterar unidad ni stock. Costo fuente preparado, PENDING unidad/presentación o marca; no aplicado."
"PROD-010";"Poroto burro";"Sin marca acreditada";"PENDING/no explícita";"unidad";"REGULAR";"NO";"3000";"3000";"";"PENDING";"";"";"";"";"APLICADO TEST: activo";"Histórico: Poroto burro; conservar ID y snapshots."
"PROD-011";"Quínoa";"Sin marca acreditada";"PENDING/no explícita";"unidad";"REGULAR";"SI";"4200";"4200";"4800";"4400";"K";"";"COMANDAS 2026 / Copia de  19/09 / B24:C24 | Diseño de compra 2026 / Octubre / C12:G12";"2026-10-03 (apertura/compra preparada; leída 2026-10-01)";"PENDING / conservar";"Unidad TEST=unidad; compra en K o sin unidad comprobable. Precio/costo por kg PENDING; no alterar unidad ni stock. Costo fuente preparado, PENDING unidad/presentación o marca; no aplicado."
"PROD-012";"Sal de Cáhuil";"Sin marca acreditada";"PENDING/no explícita";"unidad";"REGULAR";"SI";"800";"800";"500";"360";"K";"";"COMANDAS 2026 / Copia de  19/09 / B25:C25 | Diseño de compra 2026 / Octubre / C13:G13";"2026-10-03 (apertura/compra preparada; leída 2026-10-01)";"PENDING / conservar";"Unidad TEST=unidad; compra en K o sin unidad comprobable. Precio/costo por kg PENDING; no alterar unidad ni stock. Costo fuente preparado, PENDING unidad/presentación o marca; no aplicado."
"PROD-013";"Mote";"Sin marca acreditada";"PENDING/no explícita";"unidad";"REGULAR";"SI";"1900";"1900";"1900";"PENDING";"0";"";"COMANDAS 2026 / Copia de  19/09 / B26:C26 | Diseño de compra 2026 / Octubre / C20:G20";"2026-10-03 (apertura/compra preparada; leída 2026-10-01)";"PENDING / conservar";"Unidad TEST=unidad; compra en K o sin unidad comprobable. Precio/costo por kg PENDING; no alterar unidad ni stock. Costo no documentado o cero sin respaldo: PENDING, no costo real cero."
"PROD-014";"Té (250 grs)";"Sin marca acreditada";"250 grs";"unidad";"REGULAR";"SI";"2100";"2300";"2300";"8400";"250 GRS";"2100";"COMANDAS 2026 / Copia de  19/09 / B27:C27 | Diseño de compra 2026 / Octubre / C14:G14";"2026-10-03 (apertura/compra preparada; leída 2026-10-01)";"APLICADO TEST: precio_venta, precio_costo";"Costo por envase calculado desde Costo x K y venta explícita 250/100 GRS; multiplicador 0.25/0.1."
"PROD-015";"Pimienta (100 grs)";"Sin marca acreditada";"100 grs";"unidad";"REGULAR";"SI";"1350";"1350";"1350";"12000";"100 GRS";"1200";"COMANDAS 2026 / Copia de  19/09 / B28:C28 | Diseño de compra 2026 / Octubre / C15:G15";"2026-10-03 (apertura/compra preparada; leída 2026-10-01)";"APLICADO TEST: precio_costo";"Precio igual se conserva; si difiere, PENDING hasta acreditar unidad/formato. Costo por envase calculado desde Costo x K y venta explícita 250/100 GRS; multiplicador 0.25/0.1."
"PROD-016";"Ají de color (100 grs)";"Sin marca acreditada";"100 grs";"unidad";"REGULAR";"SI";"660";"700";"700";"6000";"100 GRS";"600";"COMANDAS 2026 / Copia de  19/09 / B29:C29 | Diseño de compra 2026 / Octubre / C16:G16";"2026-10-03 (apertura/compra preparada; leída 2026-10-01)";"APLICADO TEST: precio_venta, precio_costo";"Costo por envase calculado desde Costo x K y venta explícita 250/100 GRS; multiplicador 0.25/0.1."
"PROD-017";"Bicarbonato (100 grs)";"Sin marca acreditada";"100 grs";"unidad";"REGULAR";"SI";"100";"150";"150";"1100";"100 GRS";"110";"COMANDAS 2026 / Copia de  19/09 / B30:C30 | Diseño de compra 2026 / Octubre / C17:G17";"2026-10-03 (apertura/compra preparada; leída 2026-10-01)";"APLICADO TEST: precio_venta, precio_costo";"Costo por envase calculado desde Costo x K y venta explícita 250/100 GRS; multiplicador 0.25/0.1."
"PROD-018";"Orégano (100 grs)";"Sin marca acreditada";"100 grs";"unidad";"REGULAR";"SI";"650";"700";"700";"6400";"100 GRS";"640";"COMANDAS 2026 / Copia de  19/09 / B31:C31 | Diseño de compra 2026 / Octubre / C18:G18";"2026-10-03 (apertura/compra preparada; leída 2026-10-01)";"APLICADO TEST: precio_venta, precio_costo";"Costo por envase calculado desde Costo x K y venta explícita 250/100 GRS; multiplicador 0.25/0.1."
"PROD-019";"Aliño completo";"Sin marca acreditada";"PENDING/no explícita";"unidad";"REGULAR";"SI";"880";"880";"900";"8000";"100 GRS";"";"COMANDAS 2026 / Copia de  19/09 / B32:C32 | Diseño de compra 2026 / Octubre / C19:G19";"2026-10-03 (apertura/compra preparada; leída 2026-10-01)";"PENDING / conservar";"Precio igual se conserva; si difiere, PENDING hasta acreditar unidad/formato. Costo fuente preparado, PENDING unidad/presentación o marca; no aplicado."
"PROD-020";"Aceite Oliva Vor 250 ml";"Vor";"250 ml";"unidad";"REGULAR";"SI";"2000";"2100";"2100";"1889";"L";"";"COMANDAS 2026 / Copia de  19/09 / B33:C33 | Diseño de compra 2026 / Octubre / C23:G23";"2026-10-03 (apertura/compra preparada; leída 2026-10-01)";"APLICADO TEST: precio_venta";"Costo fuente preparado, PENDING unidad/presentación o marca; no aplicado. Costo VDR vs Vor: marca PENDING."
"PROD-021";"Aceite Oliva Vor 500 ml";"Vor";"500 ml";"unidad";"REGULAR";"SI";"3300";"3500";"3500";"3195";"L";"";"COMANDAS 2026 / Copia de  19/09 / B34:C34 | Diseño de compra 2026 / Octubre / C22:G22";"2026-10-03 (apertura/compra preparada; leída 2026-10-01)";"APLICADO TEST: precio_venta";"Costo fuente preparado, PENDING unidad/presentación o marca; no aplicado. Costo VDR vs Vor: marca PENDING."
"PROD-022";"Aceite Natura";"Natura";"PENDING/no explícita";"unidad";"REGULAR";"SI";"2200";"2200";"2150";"1945";"L";"";"COMANDAS 2026 / Copia de  19/09 / B35:C35 | Diseño de compra 2026 / Octubre / C24:G24";"2026-10-03 (apertura/compra preparada; leída 2026-10-01)";"PENDING / conservar";"Precio igual se conserva; si difiere, PENDING hasta acreditar unidad/formato. Costo fuente preparado, PENDING unidad/presentación o marca; no aplicado."
"PROD-023";"Aceite vegetal";"Sin marca acreditada";"PENDING/no explícita";"unidad";"REGULAR";"SI";"1700";"1700";"1700";"1579";"L";"";"COMANDAS 2026 / Copia de  19/09 / B36:C36 | Diseño de compra 2026 / Octubre / C25:G25";"2026-10-03 (apertura/compra preparada; leída 2026-10-01)";"PENDING / conservar";"Precio igual se conserva; si difiere, PENDING hasta acreditar unidad/formato. Costo fuente preparado, PENDING unidad/presentación o marca; no aplicado."
"PROD-024";"Azúcar";"Sin marca acreditada";"PENDING/no explícita";"unidad";"REGULAR";"SI";"800";"800";"900";"690";"K";"";"COMANDAS 2026 / Copia de  19/09 / B37:C37 | Diseño de compra 2026 / Octubre / C26:G26";"2026-10-03 (apertura/compra preparada; leída 2026-10-01)";"PENDING / conservar";"Precio igual se conserva; si difiere, PENDING hasta acreditar unidad/formato. Costo fuente preparado, PENDING unidad/presentación o marca; no aplicado."
"PROD-025";"Tallarines Parma";"Parma";"PENDING/no explícita";"pack";"REGULAR";"SI";"600";"600";"600";"536";"GRS";"";"COMANDAS 2026 / Copia de  19/09 / B38:C38 | Diseño de compra 2026 / Octubre / C27:G27";"2026-10-03 (apertura/compra preparada; leída 2026-10-01)";"PENDING / conservar";"Precio igual se conserva; si difiere, PENDING hasta acreditar unidad/formato. Costo fuente preparado, PENDING unidad/presentación o marca; no aplicado."
"PROD-026";"Fideos Parma";"Parma";"PENDING/no explícita";"pack";"REGULAR";"SI";"600";"600";"600";"489";"GRS";"";"COMANDAS 2026 / Copia de  19/09 / B39:C39 | Diseño de compra 2026 / Octubre / C28:G28";"2026-10-03 (apertura/compra preparada; leída 2026-10-01)";"PENDING / conservar";"Precio igual se conserva; si difiere, PENDING hasta acreditar unidad/formato. Costo fuente preparado, PENDING unidad/presentación o marca; no aplicado."
"PROD-027";"Sal";"Sin marca acreditada";"PENDING/no explícita";"unidad";"REGULAR";"SI";"300";"300";"350";"299";"GRS";"";"COMANDAS 2026 / Copia de  19/09 / B40:C40 | Diseño de compra 2026 / Octubre / C29:G29";"2026-10-03 (apertura/compra preparada; leída 2026-10-01)";"PENDING / conservar";"Precio igual se conserva; si difiere, PENDING hasta acreditar unidad/formato. Costo fuente preparado, PENDING unidad/presentación o marca; no aplicado."
"PROD-028";"Salsa de tomate Toddo";"Toddo";"PENDING/no explícita";"pack";"REGULAR";"SI";"300";"300";"";"299";"ML";"";"Diseño de compra 2026 / Octubre / C30:G30";"2026-10-03 (apertura/compra preparada; leída 2026-10-01)";"PENDING / conservar";"Comanda: Colunquen; TEST: Toddo. Coexistencia/evolución sin resolver. Costo fuente preparado, PENDING unidad/presentación o marca; no aplicado."
"PROD-029";"Tallarines Luchetti";"Luchetti";"PENDING/no explícita";"pack";"REGULAR";"SI";"800";"800";"800";"659";"GRS";"";"COMANDAS 2026 / Copia de  19/09 / B42:C42 | Diseño de compra 2026 / Octubre / C31:G31";"2026-10-03 (apertura/compra preparada; leída 2026-10-01)";"PENDING / conservar";"Precio igual se conserva; si difiere, PENDING hasta acreditar unidad/formato. Costo fuente preparado, PENDING unidad/presentación o marca; no aplicado."
"PROD-030";"Fideos Luchetti";"Luchetti";"PENDING/no explícita";"pack";"REGULAR";"SI";"800";"800";"800";"725";"GRS";"";"COMANDAS 2026 / Copia de  19/09 / B43:C43 | Diseño de compra 2026 / Octubre / C32:G32";"2026-10-03 (apertura/compra preparada; leída 2026-10-01)";"PENDING / conservar";"Precio igual se conserva; si difiere, PENDING hasta acreditar unidad/formato. Costo fuente preparado, PENDING unidad/presentación o marca; no aplicado."
"PROD-031";"Cloro gel Igenix";"Igenix";"PENDING/no explícita";"unidad";"REGULAR";"SI";"1200";"1200";"";"PENDING";"";"";"";"";"PENDING / conservar";"Cloro gel sin marca: hay Igenix y Excell. No asignar precio."
"PROD-032";"Cloro gel Excell";"Excell";"PENDING/no explícita";"unidad";"REGULAR";"SI";"1100";"1100";"";"890";"L";"";"Diseño de compra 2026 / Octubre / C34:G34";"2026-10-03 (apertura/compra preparada; leída 2026-10-01)";"PENDING / conservar";"Cloro gel sin marca; costo Excel vs Excell por confirmar. Costo fuente preparado, PENDING unidad/presentación o marca; no aplicado."
"PROD-033";"Cloro 1 L";"Sin marca acreditada";"PENDING/no explícita";"unidad";"REGULAR";"SI";"650";"650";"650";"590";"L";"";"COMANDAS 2026 / Copia de  19/09 / B45:C45 | Diseño de compra 2026 / Octubre / C35:G35";"2026-10-03 (apertura/compra preparada; leída 2026-10-01)";"PENDING / conservar";"Comanda separa Económico y Clorinda; TEST no identifica variante. Precio igual se conserva; si difiere, PENDING hasta acreditar unidad/formato. Costo fuente preparado, PENDING unidad/presentación o marca; no aplicado."
"PROD-034";"Manga Swan";"Swan";"Manga; cantidad interior no acreditada";"pack";"REGULAR";"SI";"9700";"9000";"9000";"8350";"U";"";"COMANDAS 2026 / Copia de  19/09 / B47:C47 | Diseño de compra 2026 / Octubre / C37:G37";"2026-10-03 (apertura/compra preparada; leída 2026-10-01)";"APLICADO TEST: precio_venta";"Costo fuente preparado, PENDING unidad/presentación o marca; no aplicado."
"PROD-035";"Papel Higienico 6u Swan";"Swan";"6u";"pack";"REGULAR";"SI";"1400";"1400";"1400";"PENDING";"U";"";"COMANDAS 2026 / Copia de  19/09 / B48:C48 | Diseño de compra 2026 / Octubre / C38:G38";"2026-10-03 (apertura/compra preparada; leída 2026-10-01)";"PENDING / conservar";"Precio igual se conserva; si difiere, PENDING hasta acreditar unidad/formato. Costo no documentado o cero sin respaldo: PENDING, no costo real cero."
"PROD-036";"Detergente 5L";"Sin marca acreditada";"5L";"unidad";"REGULAR";"SI";"1300";"1300";"1300";"1290";"L";"";"COMANDAS 2026 / Copia de  19/09 / B49:C49 | Diseño de compra 2026 / Octubre / C39:G39";"2026-10-03 (apertura/compra preparada; leída 2026-10-01)";"PENDING / conservar";"Precio igual se conserva; si difiere, PENDING hasta acreditar unidad/formato. Costo fuente preparado, PENDING unidad/presentación o marca; no aplicado."
"PROD-037";"Detergente 5L con suavizante";"Sin marca acreditada";"5L";"unidad";"REGULAR";"SI";"1750";"1800";"1800";"1690";"L";"";"COMANDAS 2026 / Copia de  19/09 / B50:C50 | Diseño de compra 2026 / Octubre / C40:G40";"2026-10-03 (apertura/compra preparada; leída 2026-10-01)";"APLICADO TEST: precio_venta, nombre";"Costo fuente preparado, PENDING unidad/presentación o marca; no aplicado."
"PROD-038";"Detergente concentrado";"Sin marca acreditada";"PENDING/no explícita";"unidad";"REGULAR";"NO";"1750";"1750";"";"PENDING";"";"";"";"";"APLICADO TEST: activo";"Histórico: compra excepcional de concentrado; conservar."
"PROD-039";"Jabón 1L";"Sin marca acreditada";"1L";"unidad";"REGULAR";"SI";"1250";"1300";"1300";"1090";"L";"";"COMANDAS 2026 / Copia de  19/09 / B51:C51 | Diseño de compra 2026 / Octubre / C42:G42";"2026-10-03 (apertura/compra preparada; leída 2026-10-01)";"APLICADO TEST: precio_venta";"Costo fuente preparado, PENDING unidad/presentación o marca; no aplicado."
"PROD-040";"Lavaloza Fuzol";"Fuzol";"PENDING/no explícita";"unidad";"REGULAR";"SI";"1100";"1100";"1000";"849";"L";"";"COMANDAS 2026 / Copia de  19/09 / B52:C52 | Diseño de compra 2026 / Octubre / C43:G43";"2026-10-03 (apertura/compra preparada; leída 2026-10-01)";"PENDING / conservar";"Precio igual se conserva; si difiere, PENDING hasta acreditar unidad/formato. Costo fuente preparado, PENDING unidad/presentación o marca; no aplicado."
"PROD-041";"Pasta Pepsodent (90 g)";"Pepsodent";"90 g";"unidad";"REGULAR";"SI";"750";"700";"700";"630";"GRS";"";"COMANDAS 2026 / Copia de  19/09 / B53:C53 | Diseño de compra 2026 / Octubre / C44:G44";"2026-10-03 (apertura/compra preparada; leída 2026-10-01)";"APLICADO TEST: precio_venta";"Costo fuente preparado, PENDING unidad/presentación o marca; no aplicado."
"PROD-042";"Toalla Nova x3";"Sin marca acreditada";"x3";"pack";"REGULAR";"SI";"900";"1000";"1000";"899";"U";"";"COMANDAS 2026 / Copia de  19/09 / B54:C54 | Diseño de compra 2026 / Octubre / C45:G45";"2026-10-03 (apertura/compra preparada; leída 2026-10-01)";"APLICADO TEST: precio_venta";"Costo fuente preparado, PENDING unidad/presentación o marca; no aplicado."
"PROD-043";"Toalla Tork";"Tork";"PENDING/no explícita";"pack";"REGULAR";"SI";"1400";"1400";"1400";"1289";"U";"";"COMANDAS 2026 / Copia de  19/09 / B55:C55 | Diseño de compra 2026 / Octubre / C46:G46";"2026-10-03 (apertura/compra preparada; leída 2026-10-01)";"PENDING / conservar";"Precio igual se conserva; si difiere, PENDING hasta acreditar unidad/formato. Costo fuente preparado, PENDING unidad/presentación o marca; no aplicado."
"PROD-044";"Desinfectante suelo (Todos)";"Sin marca acreditada";"PENDING/no explícita";"unidad";"REGULAR";"SI";"1150";"1150";"1100";"990";"L";"";"COMANDAS 2026 / Copia de  19/09 / B56:C56 | Diseño de compra 2026 / Octubre / C47:G47";"2026-10-03 (apertura/compra preparada; leída 2026-10-01)";"PENDING / conservar";"Precio igual se conserva; si difiere, PENDING hasta acreditar unidad/formato. Costo fuente preparado, PENDING unidad/presentación o marca; no aplicado."
"PROD-045";"Servilletas (300u)";"Sin marca acreditada";"300u";"pack";"REGULAR";"SI";"1000";"1100";"1100";"990";"U";"";"COMANDAS 2026 / Copia de  19/09 / B57:C57 | Diseño de compra 2026 / Octubre / C48:G48";"2026-10-03 (apertura/compra preparada; leída 2026-10-01)";"APLICADO TEST: precio_venta";"Costo fuente preparado, PENDING unidad/presentación o marca; no aplicado."
"PROD-046";"Shampoo Ballerina";"Ballerina";"PENDING/no explícita";"unidad";"REGULAR";"SI";"1300";"1300";"1400";"1295";"L";"";"COMANDAS 2026 / Copia de  19/09 / B58:C58 | Diseño de compra 2026 / Octubre / C51:G51";"2026-10-03 (apertura/compra preparada; leída 2026-10-01)";"PENDING / conservar";"Precio igual se conserva; si difiere, PENDING hasta acreditar unidad/formato. Costo fuente preparado, PENDING unidad/presentación o marca; no aplicado."
"PROD-047";"Bálsamo Ballerina";"Ballerina";"PENDING/no explícita";"unidad";"REGULAR";"SI";"1300";"1300";"1400";"1295";"L";"";"COMANDAS 2026 / Copia de  19/09 / B59:C59 | Diseño de compra 2026 / Octubre / C52:G52";"2026-10-03 (apertura/compra preparada; leída 2026-10-01)";"PENDING / conservar";"Precio igual se conserva; si difiere, PENDING hasta acreditar unidad/formato. Costo fuente preparado, PENDING unidad/presentación o marca; no aplicado."
"PROD-048";"Limpiador crema";"Sin marca acreditada";"PENDING/no explícita";"unidad";"REGULAR";"SI";"1400";"1400";"1400";"1290";"L";"";"COMANDAS 2026 / Copia de  19/09 / B60:C60 | Diseño de compra 2026 / Octubre / C49:G49";"2026-10-03 (apertura/compra preparada; leída 2026-10-01)";"PENDING / conservar";"Precio igual se conserva; si difiere, PENDING hasta acreditar unidad/formato. Costo fuente preparado, PENDING unidad/presentación o marca; no aplicado."
"PROD-049";"Paños Amarillos";"Sin marca acreditada";"PENDING/no explícita";"unidad";"REGULAR";"SI";"100";"100";"100";"120";"U";"120";"COMANDAS 2026 / Copia de  19/09 / B61:C61 | Diseño de compra 2026 / Octubre / C50:G50";"2026-10-03 (apertura/compra preparada; leída 2026-10-01)";"APLICADO TEST: precio_costo";"Precio igual se conserva; si difiere, PENDING hasta acreditar unidad/formato. Costo 120 por U aplicado; comanda 100 se conserva, sin aplicar margen automático."
"PROD-050";"Esponjas";"Sin marca acreditada";"Unidad; sin variante adicional identificada";"unidad";"REGULAR";"SI";"120";"100";"100";"100";"U";"";"COMANDAS 2026 / Copia de  19/09 / B62:C62 | Diseño de compra 2026 / Octubre / C41:G41";"2026-10-03 (apertura/compra preparada; leída 2026-10-01)";"APLICADO TEST: precio_venta";"Costo fuente preparado, PENDING unidad/presentación o marca; no aplicado."
"PROD-051";"Afeitadora desechable";"Sin marca acreditada";"PENDING/no explícita";"unidad";"REGULAR";"SI";"500";"500";"500";"PENDING";"";"";"COMANDAS 2026 / Copia de  19/09 / B63:C63";"2026-10-03 (apertura/compra preparada; leída 2026-10-01)";"PENDING / conservar";"Precio igual se conserva; si difiere, PENDING hasta acreditar unidad/formato. Costo no documentado o cero sin respaldo: PENDING, no costo real cero."
"PROD-052";"B. de basura 70x90 VIRUTEX";"VIRUTEX";"70x90";"unidad";"REGULAR";"SI";"1100";"1100";"";"PENDING";"";"";"";"";"PENDING / conservar";"Comanda/compra: TODDO; TEST: VIRUTEX. No fusionar."
"PROD-053";"PAN DE MASA MADRE";"Sin marca acreditada";"Unidad; peso no acreditado";"unidad";"REGULAR";"SI";"3300";"3500";"3500";"PENDING";"";"";"COMANDAS 2026 / Copia de  19/09 / B65:C65";"2026-10-03 (apertura/compra preparada; leída 2026-10-01)";"APLICADO TEST: precio_venta";"Costo no documentado o cero sin respaldo: PENDING, no costo real cero."
"PROD-TEST-DECIMAL";"Producto decimal TEST";"Sin marca acreditada";"PENDING/no explícita";"kg";"REGULAR";"SI";"1000";"1000";"";"PENDING";"";"1000";"";"";"EXCLUIR FIXTURE";"Fixture TEST; excluir de catálogo comercial consolidado y conteo físico."
"PROD-TEST-F78-64C8BE2C22E0";"Fixture actualizado E2E-TEST-F78-64c8be2c22e0472ba5748d07";"Sin marca acreditada";"PENDING/no explícita";"unidad";"REGULAR";"NO";"0";"0";"";"PENDING";"";"1100";"";"";"EXCLUIR FIXTURE";"Fixture TEST; excluir de catálogo comercial consolidado y conteo físico."
"PROD-054";"Empanadas";"Sin marca acreditada";"1 unidad";"unidad";"POR_APERTURA";"SI";"NO EXISTÍA";"2500";"2500";"PENDING";"";"";"Confirmación Almacén/Omar 2026-10-01 | COMANDAS 2026 / Copia de  19/09 / B66:C66";"2026-10-03 (preparada; leída 2026-10-01)";"CREADO UNA VEZ EN TEST";"No habilitar en ninguna apertura real. Stock inicial técnico 0; no equivale a conteo físico."
